username,limit
BFa001-d,15000 
BFa001-s,2000 
BFa025-d,15000 
BFa025-s,2000 
BFa026-d,15000 
BFa026-s,2000 
BFa028-d,15000 
BFa028-s,2000 
BFa029-d,15000 
BFa029-s,2000 
BFa031-d,15000 
BFa031-s,2000 
BFa032-d,15000 
BFa032-s,2000 
BFa034-d,15000 
BFa034-s,2000 
BFa036-d,15000 
BFa036-s,2000 
BFa037-d,15000 
BFa037-s,2000 
BFb001-d,15000 
BFb001-s,2000 
BRa001-d,15000 
BRa001-s,2000 
BRa003-d,1000 
BRa003-s,200 
BRa004-d,1000
BRa004-s,200
BRa005-d,1000
BRa005-s,200
CFb001-d,15000 
CFb001-s,2000 
CFb004-d,15000 
CFb004-s,2000 
CFb014-d,15000 
CFb014-s,2000 
CFb015-d,15000 
CFb015-s,2000 
CFb017-d,15000 
CFb017-s,2000 
CFb019-d,15000 
CFb019-s,2000 
CFb020-d,15000 
CFb020-s,2000 
CFc001-d,15000 
CFc001-s,2000 
EIc001-d,15000 
EIc001-s,2000 
EIc006-d,1000 
EIc006-s,200 
ENa001-d,15000 
ENa001-s,2000 
ENa033-d,1000 
ENa033-s,200 
ENa038-d,1000 
ENa038-s,200 
ENa040-d,1000 
ENa040-s,200 
ENa041-d,1000 
ENa041-s,200 
ENa043-d,1000 
ENa043-s,200 
ENa044-d,1000 
ENa044-s,200 
ENa045-d,1000
ENa045-s,200
ENa047-d,1000
ENa047-s,200
ENa049-d,1000 
ENa049-s,200 
ENb001-d,15000 
ENb001-s,2000 
ENb002-d,1000 
ENb002-s,200 
ENb004-d,1000
ENb004-s,200
ENb005-d,1000 
ENb005-s,200 
ENb006-d,1000
ENb006-s,200
ENb007-d,1000
ENb007-s,200
ENc001-d,15000 
ENc001-s,2000 
FIa001-d,15000 
FIa001-s,2000 
FIa071-d,1000 
FIa071-s,200 
FIa101-d,15000 
FIa101-s,2000 
FIa102-d,15000 
FIa102-s,2000 
FIa105-d,1000 
FIa105-s,200 
FIa122-d,1000 
FIa122-s,200 
FIa130-d,1000 
FIa130-s,200 
FIa131-d,15000 
FIa131-s,2000 
FIa138-d,1000 
FIa138-s,200 
FIa141-d,15000 
FIa141-s,2000 
FIa146-d,15000 
FIa146-s,2000 
FIa158-d,1000 
FIa158-s,200 
FIa159-d,15000 
FIa159-s,2000 
FIa161-d,15000 
FIa161-s,2000 
FIa162-d,1000 
FIa162-s,200 
FIa164-d,15000 
FIa164-s,2000 
FIa166-d,15000 
FIa166-s,2000 
FIa168-d,1000 
FIa168-s,200 
FIa169-d,1000 
FIa169-s,200 
FIa170-d,15000 
FIa170-s,2000 
FIa171-d,15000 
FIa171-s,2000 
FIa172-d,15000 
FIa172-s,2000 
FIa173-d,15000
FIa173-s,2000
FIa174-d,1000
FIa174-s,200
FIg001-d,15000 
FIg001-s,2000 
FIg002-d,15000 
FIg002-s,2000 
FIg011-d,15000 
FIg011-s,2000 
FIg012-d,1000 
FIg012-s,200 
FIg013-d,1000 
FIg013-s,200 
FIg014-d,1000 
FIg014-s,200 
FIg015-d,1000 
FIg015-s,200 
FIg021-d,15000 
FIg021-s,2000 
FIg022-d,1000 
FIg022-s,200 
FIg023-d,15000 
FIg023-s,2000 
FIg024-d,15000 
FIg024-s,0 
FIg025-d,15000
FIg025-s,2000
FIm001-d,200 
FIm001-s,0 
FIm004-d,200 
FIm004-s,0 
FIm006-d,200 
FIm006-s,0 
FIm007-d,200 
FIm007-s,0 
FIm008-d,200 
FIm008-s,0 
FIm009-d,200 
FIm009-s,0 
FIm010-d,200
FIm010-s,0
FIn001-d,15000 
FIn001-s,2000 
FIn002-d,15000 
FIn002-s,2000 
FIp001-d,15000 
FIp001-s,2000 
FIp002-d,15000 
FIp002-s,2000 
FIr001-d,15000 
FIr001-s,2000 
FMa001-d,5000 
FMa001-s,1000 
FMa024-d,500 
FMa024-s,100 
FMa026-d,500 
FMa026-s,100 
FMa027-d,100 
FMa027-s,50 
FMa028-d,100 
FMa028-s,50 
FMa029-d,500 
FMa029-s,100 
FMa030-d,500 
FMa030-s,100 
FMa031-d,500 
FMa031-s,100 
FMa032-d,100 
FMa032-s,50 
FMa033-d,100 
FMa033-s,50 
FMa034-d,100 
FMa034-s,50 
FMa035-d,100 
FMa035-s,50 
FMa036-d,100 
FMa036-s,50 
FMa037-d,1000
FMa037-s,200
FMa038-d,1000
FMa038-s,200
FMa039-d,1000
FMa039-s,200
FMa040-d,1000
FMa040-s,200
FMc001-d,15000 
FMc001-s,2000 
FMc005-d,15000 
FMc005-s,2000 
FMd001-d,15000 
FMd001-s,2000 
GEb001-d,500 
GEb001-s,100 
GEb016-d,500 
GEb016-s,100 
GEb018-d,500 
GEb018-s,100 
GEb019-d,500 
GEb019-s,100 
GEb020-d,500 
GEb020-s,100 
GEb021-d,1000
GEb021-s,0
GEd013-d,15000 
GEd013-s,2000 
GEd017-d,15000 
GEd017-s,2000 
HTc001-d,15000 
HTc001-s,2000 
HTc006-d,1000 
HTc006-s,200 
HTc010-d,1000 
HTc010-s,200 
HTc013-d,1000 
HTc013-s,200 
HTc015-d,1000 
HTc015-s,200 
HTc016-d,1000 
HTc016-s,200 
HTc017-d,1000 
HTc017-s,200 
HTc020-d,15000 
HTc020-s,2000 
HTc026-d,1000 
HTc026-s,200 
HTc027-d,1000 
HTc027-s,200 
HTc030-d,1000
HTc030-s,0
HTc031-d,1000
HTc031-s,0
INa002-d,15000 
INa002-s,2000 
INh001-d,15000 
INh001-s,2000 
KVa005-d,1000 
KVa005-s,200 
KVa006-d,1000
KVa006-s,200
KVa007-d,15000
KVa007-s,2000
LEb001-d,15000 
LEb001-s,2000 
LEb012-d,15000 
LEb012-s,2000 
LEb013-d,1000 
LEb013-s,200 
LEb015-d,1000 
LEb015-s,200 
LEb016-d,1000 
LEb016-s,200 
LEb017-d,15000 
LEb017-s,2000 
MCa001-d,15000 
MCa001-s,2000 
MCa002-d,1000 
MCa002-s,200 
MCa003-d,1000 
MCa003-s,200 
MCa004-d,1000 
MCa004-s,200 
MDa001-d,15000
MDa001-s,2000
MHa001-d,15000 
MHa001-s,2000 
MHa024-d,15000 
MHa024-s,2000 
MHa029-d,15000 
MHa029-s,2000 
MHa030-d,1000
MHa030-s,200
MHa031-d,1000
MHa031-s,200
MHa032-d,1000
MHa032-s,200
MHa033-d,1000
MHa033-s,200
MHc001-d,15000 
MHc001-s,2000 
MHc002-d,1000
MHc002-s,200
MHc003-d,1000
MHc003-s,200
MSa001-d,15000 
MSa001-s,2000 
MSa006-d,1000
MSa006-s,200
NIa001-d,15000 
NIa001-s,2000 
NIa018-d,1000 
NIa018-s,200 
NIa020-d,1000 
NIa020-s,200 
NIa022-d,1000 
NIa022-s,200 
NIa025-d,15000 
NIa025-s,2000 
NIa027-d,15000 
NIa027-s,2000 
NIa030-d,15000 
NIa030-s,2000 
NIa032-d,15000 
NIa032-s,2000 
NIa034-d,15000 
NIa034-s,2000 
NIa037-d,15000 
NIa037-s,2000 
NIa040-d,15000 
NIa040-s,2000 
NIa044-d,15000 
NIa044-s,2000 
NIa046-d,15000 
NIa046-s,2000 
NIa047-d,15000 
NIa047-s,2000 
NIa048-d,15000 
NIa048-s,2000 
NIa049-d,15000 
NIa049-s,2000 
NIa050-d,1000 
NIa050-s,200 
RCa001-d,15000 
RCa001-s,2000 
RCa025-d,15000 
RCa025-s,2000 
RCa027-d,15000 
RCa027-s,2000 
RCa028-d,15000 
RCa028-s,2000 
RCa029-d,1000
RCa029-s,200
RCa030-d,1000
RCa030-s,200
RCa031-d,1000
RCa031-s,200
RCa032-d,15000
RCa032-s,2000
RCa033-d,15000
RCa033-s,2000
RCb001-d,15000 
RCb001-s,2000 
RFa001-d,15000 
RFa001-s,2000 
RFa004-d,1000 
RFa004-s,200 
RFa031-d,15000 
RFa031-s,2000 
RFa036-d,15000 
RFa036-s,2000 
RFa038-d,15000
RFa038-s,0
RFa046-d,15000 
RFa046-s,2000 
RFa047-d,15000
RFa047-s,0
RFa050-d,15000
RFa050-s,0
RFa053-d,15000
RFa053-s,0
RFa054-d,15000
RFa054-s,0
RFa055-d,15000 
RFa055-s,2000 
RFa056-d,15000
RFa056-s,0
RFa057-d,15000 
RFa057-s,2000 
RFa058-d,15000
RFa058-s,0
RFa060-d,15000 
RFa060-s,2000 
RFa061-d,15000 
RFa061-s,2000 
RFa062-d,15000 
RFa062-s,2000 
RFa063-d,15000
RFa063-s,0
RFa066-d,15000
RFa066-s,0
RFa067-d,15000
RFa067-s,0
RFa069-d,15000
RFa069-s,0
RFc001-d,15000
RFc001-s,0
SEa001-d,15000 
SEa001-s,2000 
SEa007-d,1000 
SEa007-s,200 
SEa020-d,15000 
SEa020-s,2000 
SEa022-d,1000 
SEa022-s,200 
SEa023-d,5000
SEa023-s,1000
SEa024-d,1000
SEa024-s,0
SEd001-d,15000 
SEd001-s,2000 
SMa001-d,15000 
SMa001-s,2000 
SMa007-d,15000 
SMa007-s,2000 
SMa021-d,1000 
SMa021-s,200 
SMa022-d,1000 
SMa022-s,200 
SMa048-d,1000 
SMa048-s,200 
SMa060-d,1000 
SMa060-s,200 
SMa066-d,1000 
SMa066-s,200 
SMa067-d,1000 
SMa067-s,200 
SMa070-d,15000 
SMa070-s,2000 
SMa071-d,15000 
SMa071-s,2000 
SMa072-d,1000 
SMa072-s,200 
SMa073-d,15000 
SMa073-s,2000 
SMa074-d,1000 
SMa074-s,200 
SMa075-d,1000 
SMa075-s,200 
SMa076-d,15000 
SMa076-s,2000 
SMa077-d,15000 
SMa077-s,2000 
SMa079-d,15000 
SMa079-s,2000 
SMa080-d,15000 
SMa080-s,2000 
SMa081-d,1000 
SMa081-s,200 
SMa082-d,15000 
SMa082-s,2000 
SMa083-d,15000
SMa083-s,2000
SMa084-d,15000
SMa084-s,2000
SMa085-d,1000
SMa085-s,200
SMe001-d,15000 
SMe001-s,2000 
SMf001-d,15000 
SMf001-s,2000 
STa001-d,15000 
STa001-s,2000 
STa003-d,15000 
STa003-s,2000 
STa004-d,15000
STa004-s,2000
STa006-d,15000 
STa006-s,2000 
STa009-d,15000 
STa009-s,2000 
STa013-d,15000 
STa013-s,2000 
STa014-d,15000 
STa014-s,2000 
STa015-d,15000 
STa015-s,2000 
STa018-d,15000
STa018-s,2000
STb001-d,15000 
STb001-s,2000 
SWb019-d,15000 
SWb019-s,2000 
SWb022-d,15000 
SWb022-s,2000 
SWb023-d,15000 
SWb023-s,2000 
SWb024-d,15000 
SWb024-s,2000 
SWb025-d,15000 
SWb025-s,2000 
SWc001-d,15000 
SWc001-s,2000 
SWc009-d,15000 
SWc009-s,2000 
XXa003-d,100
XXa003-s,100
XXa006-d,0
XXa006-s,0
XXa011-d,100
XXa011-s,100
XXg001-d,100
XXg001-s,100
XXg002-d,100
XXg002-s,100
XXg003-d,100
XXg003-s,100
XXg004-d,100
XXg004-s,100
XXg007-d,100
XXg007-s,100
XXg008-d,100
XXg008-s,100
XXg014-d,100
XXg014-s,100
XXg016-d,100
XXg016-s,100
XXg017-d,100
XXg017-s,100
XXg020-d,100
XXg020-s,100
XXg021-d,100
XXg021-s,100
XXg025-d,100
XXg025-s,100
XXg028-d,100
XXg028-s,100
XXg029-d,100
XXg029-s,100
XXg030-d,100
XXg030-s,100
XXg031-d,100
XXg031-s,100
XXg032-d,100
XXg032-s,100
XXg033-d,100
XXg033-s,100
XXg034-d,100
XXg034-s,100
XXg035-d,100
XXg035-s,100
XXg036-d,100
XXg036-s,100
XXg037-d,100
XXg037-s,100
ZZa003-d,15000 
ZZa003-s,2000 
ZZa006-d,15000 
ZZa006-s,2000 
ZZa008-d,15000 
ZZa008-s,2000 
ZZa011-d,1000 
ZZa011-s,200 
fj-okada-d,2
fj-okada-s,2
ZZg001-d,15000 
ZZg001-s,2000 
